count,geohash
193,u2bk0q9
192,u0yhuy1
192,u1x20g5
191,u283brx
190,u33db00
190,eztr3dm
190,u281vzp
189,u1hg61z
188,u1hsqc5
163,u1jmpps
163,u1nz5h7
162,u2bn6b5
94,u2b8m49
94,u0ww15r
94,u281gvq
94,u1nekqt
94,u31dx7e
94,u0y4j10
66,u283b77
16,gcpvh6w
366,u1heqj5
266,u0ug3tz
566,u0m6jhe
165,u0vf44p
1,u1jrtcz
1,ezeb5yr
1,u0jckq5
1,u306unr
1,u23qcn7
1,swb8rqp
1,u1473s5
1,u0q5pr0
1,u1r4232
1,u22pwy1
1,u0xepmg
1,etgfpjj
1,u33ytsx
1,u17x5xd
1,u1jn8kt
1,u0hr18r
1,u0x573e
1,u0mgyjm
1,u0wt9e1
1,u0ug34k
1,u22cfvb
1,u1q87jb
1,u0xxku0
1,u0vv631
1,u1qcvbv
1,dr717bb
1,u1npese
1,u2bzh12
1,u2b0kcw
1,u336hcd
1,u2ed7en
1,u1h6sxp
1,u1j072g
1,u2edpqe
1,u1hwmg5
1,u33d85z
1,u1hue7u
1,u33d96b
1,sww33en
1,u0yhrxk
1,u1hu6qm
1,u2239q3
1,w4xku86
1,u1nt29u
1,u0tznk2
1,u2edt27
1,u33dk1p
1,u0ykcmf
1,u1hfm4s
1,dp3xe1f
1,u311jsu
1,u22r5um
1,u1xjnk0
1,u153x9d
1,u1hf5p2
1,u0u8xc4
1,u30g845
1,dqfek0e
1,sw8zj4x
1,6gycf5t
1,gcpuwxk
1,u23xn75
1,u0xpnbb
1,u1qjum3
1,u0y0j25
1,u0tf0mb
1,u33df72
1,u28wfuz
1,u0xj5zv
1,u315m72
1,u2e9fvm
1,u0rq2hz
1,u1hgc8x
1,u0v00r7
1,u0uyvpb
1,u336xfg
1,u0xy648
1,u1xd7xv
1,u1w7wrf
1,u1hg66b
1,u29s207
1,u0n4qy8
1,eth1xkh
1,u1pjfkb
1,u0xp9vf
1,u0zc4ej
1,s8jdc0v
1,u15xggm
1,u336teq
1,u33d88u
1,u0zcm0u
1,u0yjpf3
1,sp41wdr
1,u336v35
1,u0qvv30
1,u1hgjdw
1,u3055u9
1,u22mx83
1,u29fpsx
1,u0xk8vk
1,u1x1jxh
1,u387umc
1,u1xm99u
1,s8p713s
1,u0wt0tu
1,u0z5792
1,u33d9dx
1,u0vug70
1,u1hfr55
1,u1x48yk
1,u283bkd
1,u2bq66r
1,u1vv9ur
1,u0mktdv
1,u0yqubx
1,u30fu1u
1,srk2cxj
1,u2157bb
1,u0ubjjh
1,u1tb2sy
1,u2ed4v5
1,u0zbukn
1,u0y14wt
1,u0x7ned
1,u0jsckn
1,u1q1qnv
1,u23r6ex
1,u29b6ds
1,u33e15p
1,u0ym5q0
1,u2ed1pb
1,u0ym4zt
1,u336tmw
1,u1pf55u
1,u0vvt3g
1,u0meygw
1,u231dx0
1,u1jzx3h
1,u0ne28x
1,u1rrf99
1,u2qcxcj
1,u0mv4x1
1,u0z6bd2
1,u0muzvz
1,u337pv6
1,u6t07j7
1,u30n0nk
1,u2ed70t
1,u3bu3gk
1,u1jkpxf
1,u0y13m4
1,u0wrztq
1,u1p5dye
1,u1x0g80
1,spszbnr
1,u0w16rx
1,u1wtu9k
1,u1hvrug
1,u1n1pwb
1,u0ypy5u
1,u39gsmy
1,u27rcgz
1,u145zjd
1,u0hqsnu
1,u0mekxp
1,u3qcm2w
1,u0y1hbq
1,u1jr3u7
1,u1jh9s8
1,u1t364y
1,u33dc89
1,swpp2jc
1,u4qtbsr
1,u1ngb1p
1,u1h3ms6
1,xn77hmk
1,u33d8tk
1,u1jks7b
1,u0x7jfe
1,sp42g41
1,u33dc4u
1,u3639u5
1,sxkbgk8
1,u0z7m2p
1,u0y0gj9
1,u0t9dgf
1,u27h0cx
1,u0x7n0x
1,u301wt4
1,u0u6k1c
1,u1nu1q2
1,u1r7pz2
1,u0x79wh
1,u1wby43
1,u281xut
1,u0qk3nw
1,u1ngb5n
1,u0wt25j
1,u1prq3n
1,u1jrwhq
1,u269f3r
1,u336ww9
1,u1rr82k
1,u1neyt8
1,u1hehnp
1,u0yj5jx
1,u38vszx
1,u0gn7by
1,u0wjqwt
1,u28jfep
1,u1xvx1p
1,u1jx499
1,u2vuzp9
1,u21smsf
1,u1mu9fe
1,u336twj
1,u1mnnx9
1,u1htyhf
1,u0rznx9
1,u0r5d8w
1,u1x1h21
1,u0zy5s4
1,u0y1j7r
1,u1j08ct
1,u0v0290
1,u2edfmk
1,u0zjt67
1,u1r90hd
1,u0zcczx
1,u261juk
1,u0qj3yz
1,u1my5qb
1,dr8ud8e
1,9xh8guq
1,u1n5gbv
1,u0tb40h
1,sr4ppvm
1,u30380g
1,u0wqk3j
1,u6419q3
1,spusx8z
1,u0v0wgp
1,u0zfs85
1,u0yjeeh
1,u1t1d91
1,u2d4tet
1,u270z69
1,u2edkf0
1,u275ffm
1,u1neyrr
1,u1mbp2k
1,u0ykgsr
1,u336tg0
1,u22y738
1,u0zsxcb
